"NATURE_ZONAGE","COM_COMER","TNCC","NCC","NCCENR","LIBELLE","DATE_DEBUT","DATE_FIN"
"COM","91101","0","AIN BESSEM (COMMUNE MIXTE)","Aïn-Bessem (commune mixte)","Aïn-Bessem (commune mixte)","1943-01-01","1962-07-05"
"COM","91102","0","AUMALE (COMMUNE MIXTE)","Aumale (commune mixte)","Aumale (commune mixte)","1943-01-01","1962-07-05"
"COM","91103","0","BOU SAADA (COMMUNE MIXTE)","Bou-Saada (commune mixte)","Bou-Saada (commune mixte)","1943-01-01","1962-07-05"
"COM","91104","0","CHERCHELL (COMMUNE MIXTE)","Cherchell (commune mixte)","Cherchell (commune mixte)","1943-01-01","1962-07-05"
"COM","91105","0","MAILLOT (COMMUNE MIXTE)","Maillot (commune mixte)","Maillot (commune mixte)","1943-01-01","1962-07-05"
"COM","91106","0","PALESTRO (COMMUNE MIXTE)","Palestro (commune mixte)","Palestro (commune mixte)","1943-01-01","1962-07-05"
"COM","91107","0","SIDI AISSA (COMMUNE MIXTE)","Sidi-Aïssa (commune mixte)","Sidi-Aïssa (commune mixte)","1943-01-01","1962-07-05"
"COM","91108","0","TABLAT (COMMUNE MIXTE)","Tablat (commune mixte)","Tablat (commune mixte)","1943-01-01","1962-07-05"
"COM","91110","0","ALGER","Alger","Alger","1943-01-01","1962-07-05"
"COM","91111","0","AIN BESSEM","Aïn-Bessem","Aïn-Bessem","1943-01-01","1962-07-05"
"COM","91112","0","AIN TAYA","Aïn-Taya","Aïn-Taya","1943-01-01","1962-07-05"
"COM","91113","0","ALMA","Alma","Alma","1943-01-01","1962-07-05"
"COM","91114","0","AMEUR EL AIN","Ameur-El-Aïn","Ameur-El-Aïn","1943-01-01","1962-07-05"
"COM","91115","0","L ARBA","L’Arba","L’Arba","1943-01-01","1962-07-05"
"COM","91116","0","ATTABTA","Attabta","Attabta","1943-01-01","1962-07-05"
"COM","91117","0","AUMALE","Aumale","Aumale","1943-01-01","1962-07-05"
"COM","91118","0","BABA HASSEN","Baba-Hassen","Baba-Hassen","1943-01-01","1962-07-05"
"COM","91119","0","BENI MERED","Beni-Méred","Beni-Méred","1943-01-01","1962-07-05"
"COM","91120","0","BERARD","Bérard","Bérard","1943-01-01","1962-07-05"
"COM","91121","0","BIRKADEM","Birkadem","Birkadem","1943-01-01","1962-07-05"
"COM","91122","0","BIRMANDREIS","Birmandreis","Birmandreis","1943-01-01","1962-07-05"
"COM","91123","0","BIR RABALOU","Bir-Rabalou","Bir-Rabalou","1943-01-01","1962-07-05"
"COM","91124","0","BIRTOUTA","Birtouta","Birtouta","1943-01-01","1962-07-05"
"COM","91125","0","BLIDA","Blida","Blida","1943-01-01","1962-07-05"
"COM","91126","0","BOUFARIK","Boufarik","Boufarik","1943-01-01","1962-07-05"
"COM","91127","0","BOUINAN","Bouinan","Bouinan","1943-01-01","1962-07-05"
"COM","91128","0","BOUIRA","Bouira","Bouira","1943-01-01","1962-07-05"
"COM","91129","0","BOURKIKA","Bourkika","Bourkika","1943-01-01","1962-07-05"
"COM","91130","0","BOUZAREA","Bouzaréa","Bouzaréa","1943-01-01","1962-07-05"
"COM","91131","0","CAP MATIFOU","Cap-Matifou","Cap-Matifou","1943-01-01","1962-07-05"
"COM","91132","0","CASTIGLIONE","Castiglione","Castiglione","1943-01-01","1962-07-05"
"COM","91133","0","CHEBLI","Chébli","Chébli","1943-01-01","1962-07-05"
"COM","91134","0","CHERAGAS","Chéragas","Chéragas","1943-01-01","1962-07-05"
"COM","91135","0","CHERCHELL","Cherchell","Cherchell","1943-01-01","1962-07-05"
"COM","91136","0","LA CHIFFA","La-Chiffa","La-Chiffa","1943-01-01","1962-07-05"
"COM","91137","0","COURBET","Courbet","Courbet","1943-01-01","1962-07-05"
"COM","91138","0","CRESCIA","Crescia","Crescia","1943-01-01","1962-07-05"
"COM","91139","0","DELY IBRAHIM","Dely-Ibrahim","Dely-Ibrahim","1943-01-01","1962-07-05"
"COM","91140","0","DOUADOUA","Douadoua","Douadoua","1943-01-01","1962-07-05"
"COM","91141","0","DOUERA","Douera","Douera","1943-01-01","1962-07-05"
"COM","91142","0","DRARIA","Draria","Draria","1943-01-01","1962-07-05"
"COM","91143","0","EL ACHOUR","El-Achour","El-Achour","1943-01-01","1962-07-05"
"COM","91144","0","EL AFFROUN","El-Affroun","El-Affroun","1943-01-01","1962-07-05"
"COM","91145","0","EL BIAR","El-Biar","El-Biar","1943-01-01","1962-07-05"
"COM","91146","0","FELIX FAURE","Félix-Faure","Félix-Faure","1943-01-01","1962-07-05"
"COM","91147","0","FONDOUK","Fondouk","Fondouk","1943-01-01","1962-07-05"
"COM","91148","0","FORT DE L EAU","Fort-de-l’Eau","Fort-de-l’Eau","1943-01-01","1962-07-05"
"COM","91149","0","FOUKA","Fouka","Fouka","1943-01-01","1962-07-05"
"COM","91150","0","GOURAYA","Gouraya","Gouraya","1943-01-01","1962-07-05"
"COM","91151","0","GUYOTVILLE","Guyotville","Guyotville","1943-01-01","1962-07-05"
"COM","91152","0","HUSSEIN DEY","Hussein-Dey","Hussein-Dey","1943-01-01","1962-07-05"
"COM","91153","0","KOLEA","Koléa","Koléa","1943-01-01","1962-07-05"
"COM","91154","0","KOUBA","Kouba","Kouba","1943-01-01","1962-07-05"
"COM","91155","0","MAHELMA","Mahelma","Mahelma","1943-01-01","1962-07-05"
"COM","91156","0","MAISON BLANCHE","Maison-Blanche","Maison-Blanche","1943-01-01","1962-07-05"
"COM","91157","0","MAISON CARREE","Maison-Carrée","Maison-Carrée","1943-01-01","1962-07-05"
"COM","91158","0","MARECHAL FOCH","Maréchal-Foch","Maréchal-Foch","1943-01-01","1962-07-05"
"COM","91159","0","MARENGO","Marengo","Marengo","1943-01-01","1962-07-05"
"COM","91160","0","MENERVILLE","Ménerville","Ménerville","1943-01-01","1962-07-05"
"COM","91161","0","MEURAD","Meurad","Meurad","1943-01-01","1962-07-05"
"COM","91162","0","MOUZAIAVILLE","Mouzaïaville","Mouzaïaville","1943-01-01","1962-07-05"
"COM","91163","0","NOVI","Novi","Novi","1943-01-01","1962-07-05"
"COM","91164","0","OUED EL ALLEUG","Oued-El-Alleug","Oued-El-Alleug","1943-01-01","1962-07-05"
"COM","91165","0","OULED FAYET","Ouled-Fayet","Ouled-Fayet","1943-01-01","1962-07-05"
"COM","91166","0","PALESTRO","Palestro","Palestro","1943-01-01","1962-07-05"
"COM","91167","0","REGHAIA","Reghaïa","Reghaïa","1943-01-01","1962-07-05"
"COM","91168","0","RIVET","Rivet","Rivet","1943-01-01","1962-07-05"
"COM","91169","0","ROUBAIA","Roubaïa","Roubaïa","1943-01-01","1962-07-05"
"COM","91170","0","ROVIGO","Rovigo","Rovigo","1943-01-01","1962-07-05"
"COM","91171","0","SAINT EUGENE","Saint-Eugène","Saint-Eugène","1943-01-01","1962-07-05"
"COM","91172","0","SAINT FERDINAND","Saint-Ferdinand","Saint-Ferdinand","1943-01-01","1962-07-05"
"COM","91173","0","SAINT PIERRE SAINT PAUL","Saint-Pierre-Saint-Paul","Saint-Pierre-Saint-Paul","1943-01-01","1962-07-05"
"COM","91174","0","SAOULA","Saoula","Saoula","1943-01-01","1962-07-05"
"COM","91175","0","SIDI MOUSSA","Sidi-Moussa","Sidi-Moussa","1943-01-01","1962-07-05"
"COM","91176","0","SOUNA","Souna","Souna","1943-01-01","1962-07-05"
"COM","91177","0","STAOUELI","Staoueli","Staoueli","1943-01-01","1962-07-05"
"COM","91178","0","TEFESCHOUN","Téfeschoun","Téfeschoun","1943-01-01","1962-07-05"
"COM","91179","0","TIPASA","Tipasa","Tipasa","1943-01-01","1962-07-05"
"COM","91180","0","ZERALDA","Zéralda","Zéralda","1943-01-01","1962-07-05"
"COM","91185","0","BOU HAROUN","Bou-Haroun","Bou-Haroun","1947-09-25","1962-07-05"
"COM","91186","0","DUPLEIX","Dupleix","Dupleix","1947-08-18","1962-07-05"
"COM","91201","0","AIN BOUCIF (COMMUNE MIXTE)","Aïn-Boucif (commune mixte)","Aïn-Boucif (commune mixte)","1943-01-01","1962-07-05"
"COM","91202","0","BERROUAGHIA (COMMUNE MIXTE)","Berrouaghia (commune mixte)","Berrouaghia (commune mixte)","1943-01-01","1962-07-05"
"COM","91203","0","BOGHARI (COMMUNE MIXTE)","Boghari (commune mixte)","Boghari (commune mixte)","1943-01-01","1962-07-05"
"COM","91204","0","CHELLALA (COMMUNE MIXTE)","Chellala (commune mixte)","Chellala (commune mixte)","1943-01-01","1962-07-05"
"COM","91210","0","MEDEA","Médéa","Médéa","1943-01-01","1962-07-05"
"COM","91211","0","BERROUAGHIA","Berrouaghia","Berrouaghia","1943-01-01","1962-07-05"
"COM","91212","0","BOGHAR","Boghar","Boghar","1943-01-01","1962-07-05"
"COM","91213","0","BOGHARI","Boghari","Boghari","1943-01-01","1962-07-05"
"COM","91214","0","DAMIETTE","Damiette","Damiette","1943-01-01","1962-07-05"
"COM","91215","0","LETOURNEUX","Letourneux","Letourneux","1943-01-01","1962-07-05"
"COM","91216","0","LODI","Lodi","Lodi","1943-01-01","1962-07-05"
"COM","91217","0","LOVERDO","Loverdo","Loverdo","1947-08-07","1962-07-05"
"COM","91218","0","NELSONBOURG","Nelsonbourg","Nelsonbourg","1947-08-07","1962-07-05"
"COM","91219","0","CHAMPLAIN","Champlain","Champlain","1947-08-07","1962-07-05"
"COM","91220","0","BEN CHICAO","Ben-Chicao","Ben-Chicao","1947-08-07","1962-07-05"
"COM","91221","0","BRAZZA","Brazza","Brazza","1947-08-07","1962-07-05"
"COM","91222","0","AIN BOUCIF","Aïn-Boucif","Aïn-Boucif","1947-08-21","1962-07-05"
"COM","91223","0","ARTHUR","Arthur","Arthur","1950-06-03","1962-07-05"
"COM","91301","0","LES BRAZ (COMMUNE MIXTE)","Les Braz (commune mixte)","Les Braz (commune mixte)","1943-01-01","1962-07-05"
"COM","91302","0","DJENDEL (COMMUNE MIXTE)","Djendel (commune mixte)","Djendel (commune mixte)","1943-01-01","1962-07-05"
"COM","91303","0","SERSOU (COMMUNE MIXTE)","Sersou (commune mixte)","Sersou (commune mixte)","1943-01-01","1962-07-05"
"COM","91304","0","TENIET EL HAD (COMMUNE MIXTE)","Teniet-El-Had (commune mixte)","Teniet-El-Had (commune mixte)","1943-01-01","1962-07-05"
"COM","91310","0","MILIANA","Miliana","Miliana","1943-01-01","1962-07-05"
"COM","91311","0","AFFREVILLE","Affreville","Affreville","1943-01-01","1962-07-05"
"COM","91312","0","AIN SULTAN","Aïn-Sultan","Aïn-Sultan","1943-01-01","1962-07-05"
"COM","91313","0","BOU MEFDA","Bou-Mefda","Bou-Mefda","1943-01-01","1962-07-05"
"COM","91314","0","BOURBAKI","Bourbaki","Bourbaki","1943-01-01","1962-07-05"
"COM","91315","0","BURDEAU","Burdeau","Burdeau","1943-01-01","1962-07-05"
"COM","91316","0","DUPERRE","Duperré","Duperré","1943-01-01","1962-07-05"
"COM","91317","0","KHERBA","Kherba","Kherba","1943-01-01","1962-07-05"
"COM","91318","0","LAVARANDE","Lavarande","Lavarande","1943-01-01","1962-07-05"
"COM","91319","0","LITTRE","Littré","Littré","1943-01-01","1962-07-05"
"COM","91320","0","ROUINA","Rouïna","Rouïna","1943-01-01","1962-07-05"
"COM","91321","0","TENIET EL HAD","Teniet-El-Had","Teniet-El-Had","1943-01-01","1962-07-05"
"COM","91322","0","VESOUL BENIAN","Vesoul-Benian","Vesoul-Benian","1943-01-01","1962-07-05"
"COM","91323","0","VIALAR","Vialar","Vialar","1943-01-01","1962-07-05"
"COM","91324","0","BORELY LA SAPIE","Borély-la-Sapie","Borély-la-Sapie","1948-02-14","1962-07-05"
"COM","91325","0","MARGUERITTE","Margueritte","Margueritte","1953-03-18","1962-07-05"
"COM","91401","0","CHELIF (COMMUNE MIXTE)","Chélif (commune mixte)","Chélif (commune mixte)","1943-01-01","1962-07-05"
"COM","91402","0","TENES (COMMUNE MIXTE)","Ténes (commune mixte)","Ténes (commune mixte)","1943-01-01","1962-07-05"
"COM","91403","0","OUARSENIS (COMMUNE MIXTE)","Ouarsenis (commune mixte)","Ouarsenis (commune mixte)","1943-01-01","1962-07-05"
"COM","91410","0","ORLEANSVILLE","Orléansville","Orléansville","1943-01-01","1962-07-05"
"COM","91411","0","LES ATTAFS","Les Attafs","Les Attafs","1943-01-01","1962-07-05"
"COM","91412","0","CARNOT","Carnot","Carnot","1943-01-01","1962-07-05"
"COM","91413","0","CAVAIGNAC","Cavaignac","Cavaignac","1943-01-01","1962-07-05"
"COM","91414","0","CHARON","Charon","Charon","1943-01-01","1962-07-05"
"COM","91415","0","MONTENOTTE","Montenotte","Montenotte","1943-01-01","1962-07-05"
"COM","91416","0","OUED FOUDA","Oued-Fouda","Oued-Fouda","1943-01-01","1962-07-05"
"COM","91417","0","TENES","Ténes","Ténes","1943-01-01","1962-07-05"
"COM","91501","0","AZEFFOUN (COMMUNE MIXTE)","Azeffoun (commune mixte)","Azeffoun (commune mixte)","1943-01-01","1962-07-05"
"COM","91502","0","DJURDJURA (COMMUNE MIXTE)","Djurdjura (commune mixte)","Djurdjura (commune mixte)","1943-01-01","1962-07-05"
"COM","91503","0","DRA EL MIZAN (COMMUNE MIXTE)","Dra-El-Mizan (commune mixte)","Dra-El-Mizan (commune mixte)","1943-01-01","1962-07-05"
"COM","91504","0","FORT NATIONAL (COMMUNE MIXTE)","Fort-National (commune mixte)","Fort-National (commune mixte)","1943-01-01","1962-07-05"
"COM","91505","0","HAUT SEBAOU (COMMUNE MIXTE)","Haut-Sebaou (commune mixte)","Haut-Sebaou (commune mixte)","1943-01-01","1962-07-05"
"COM","91506","0","MIZRANA (COMMUNE MIXTE)","Mizrana (commune mixte)","Mizrana (commune mixte)","1943-01-01","1962-07-05"
"COM","91510","0","TIZI OUZOU","Tizi-Ouzou","Tizi-Ouzou","1943-01-01","1962-07-05"
"COM","91511","0","ABBO","Abbo","Abbo","1943-01-01","1962-07-05"
"COM","91512","0","BOGHNI","Boghni","Boghni","1943-01-01","1962-07-05"
"COM","91513","0","BORDJ MENAIEL","Bordj-Ménaïel","Bordj-Ménaïel","1943-01-01","1962-07-05"
"COM","91514","0","CAMP DU MARECHAL","Camp-du-Maréchal","Camp-du-Maréchal","1943-01-01","1962-07-05"
"COM","91515","0","DELLYS","Dellys","Dellys","1943-01-01","1962-07-05"
"COM","91516","0","DRA EL MIZAN","Dra-El-Mizan","Dra-El-Mizan","1943-01-01","1962-07-05"
"COM","91517","0","FORT NATIONAL","Fort-National","Fort-National","1943-01-01","1962-07-05"
"COM","91518","0","HAUSSONVILLERS","Haussonvillers","Haussonvillers","1943-01-01","1962-07-05"
"COM","91519","0","ISSERVILLE LES ISSERS","Isserville-les-Issers","Isserville-les-Issers","1943-01-01","1962-07-05"
"COM","91520","0","MEKLA","Mekla","Mekla","1943-01-01","1962-07-05"
"COM","91521","0","MIRABEAU","Mirabeau","Mirabeau","1943-01-01","1962-07-05"
"COM","91522","0","REBEVAL","Rébeval","Rébeval","1943-01-01","1962-07-05"
"COM","91523","0","TIZI RENIFF","Tizi-Reniff","Tizi-Reniff","1943-01-01","1962-07-05"
"COM","92101","0","AIN TEMOUCHENT (COMMUNE MIXTE)","Aïn-Témouchent (commune mixte)","Aïn-Témouchent (commune mixte)","1943-01-01","1962-07-05"
"COM","92102","0","SAINT LUCIEN (COMMUNE MIXTE)","Saint-Lucien (commune mixte)","Saint-Lucien (commune mixte)","1943-01-01","1962-07-05"
"COM","92110","0","ORAN","Oran","Oran","1943-01-01","1962-07-05"
"COM","92111","0","AIN EL ARBA","Aïn-El-Arba","Aïn-El-Arba","1943-01-01","1962-07-05"
"COM","92112","0","AIN EL TURK","Aïn-El-Turk","Aïn-El-Turk","1943-01-01","1962-07-05"
"COM","92113","0","AIN KIAL","Aïn-Kial","Aïn-Kial","1943-01-01","1962-07-05"
"COM","92114","0","AIN TEMOUCHENT","Aïn-Témouchent","Aïn-Témouchent","1943-01-01","1962-07-05"
"COM","92115","0","ARCOLE","Arcole","Arcole","1943-01-01","1962-07-05"
"COM","92116","0","ARZEW","Arzew","Arzew","1943-01-01","1962-07-05"
"COM","92117","0","ASSI AMEUR","Assi-Ameur","Assi-Ameur","1943-01-01","1962-07-05"
"COM","92118","0","ASSI BEN OKBA","Assi-Ben-Okba","Assi-Ben-Okba","1943-01-01","1962-07-05"
"COM","92119","0","ASSI BOU NIF","Assi-Bou-Nif","Assi-Bou-Nif","1943-01-01","1962-07-05"
"COM","92120","0","JEAN MERMOZ","Jean-Mermoz","Jean-Mermoz","1943-01-01","1962-07-05"
"COM","92121","0","BOU SFER","Bou-Sfer","Bou-Sfer","1943-01-01","1962-07-05"
"COM","92122","0","BOU TLELIS","Bou-Tlélis","Bou-Tlélis","1943-01-01","1962-07-05"
"COM","92123","0","DE MALHERBE","De-Malherbe","De-Malherbe","1943-01-01","1962-07-05"
"COM","92124","0","EL ANCOR","El-Ancor","El-Ancor","1943-01-01","1962-07-05"
"COM","92125","0","ER RAHEL","Er-Rahel","Er-Rahel","1943-01-01","1962-07-05"
"COM","92126","0","FLEURUS","Fleurus","Fleurus","1943-01-01","1962-07-05"
"COM","92127","0","GUIARD","Guiard","Guiard","1943-01-01","1962-07-05"
"COM","92128","0","HAMMAM BOU HADJAR","Hammam-Bou-Hadjar","Hammam-Bou-Hadjar","1943-01-01","1962-07-05"
"COM","92129","0","KLEBER","Kléber","Kléber","1943-01-01","1962-07-05"
"COM","92130","0","LAFERRIERE","Laferrière","Laferrière","1943-01-01","1962-07-05"
"COM","92131","0","LEGRAND","Legrand","Legrand","1943-01-01","1962-07-05"
"COM","92132","0","LOURMEL","Lourmel","Lourmel","1943-01-01","1962-07-05"
"COM","92133","0","MANGIN","Mangin","Mangin","1943-01-01","1962-07-05"
"COM","92134","0","MERS EL KEBIR","Mers-El-Kebir","Mers-El-Kebir","1943-01-01","1962-07-05"
"COM","92135","0","MISSERGHIN","Misserghin","Misserghin","1943-01-01","1962-07-05"
"COM","92136","0","MOCTA DOUZ","Mocta-Douz","Mocta-Douz","1943-01-01","1962-07-05"
"COM","92137","0","OUED IMBERT","Oued-Imbert","Oued-Imbert","1943-01-01","1962-07-05"
"COM","92138","0","PERREGAUX","Perrégaux","Perrégaux","1943-01-01","1962-07-05"
"COM","92139","0","PORT AUX POULES","Port-aux-Poules","Port-aux-Poules","1943-01-01","1962-07-05"
"COM","92140","0","RENAN","Renan","Renan","1943-01-01","1962-07-05"
"COM","92141","0","RIO SALADE","Rio-Salade","Rio-Salade","1943-01-01","1962-07-05"
"COM","92142","0","SAINT CLOUD","Saint-Cloud","Saint-Cloud","1943-01-01","1962-07-05"
"COM","92143","0","SAINT DENIS DU SIG","Saint-Denis-du-Sig","Saint-Denis-du-Sig","1943-01-01","1962-07-05"
"COM","92144","0","SAINTE BARBE DU TLELAT","Sainte-Barbe-du-Tlélat","Sainte-Barbe-du-Tlélat","1943-01-01","1962-07-05"
"COM","92145","0","SAINT LEU","Saint-Leu","Saint-Leu","1943-01-01","1962-07-05"
"COM","92146","0","SAINT LOUIS","Saint-Louis","Saint-Louis","1943-01-01","1962-07-05"
"COM","92147","0","SAINT MAUR","Saint-Maur","Saint-Maur","1943-01-01","1962-07-05"
"COM","92148","0","LA SENIA","La-Sénia","La-Sénia","1943-01-01","1962-07-05"
"COM","92149","0","SIDI CHAMI","Sidi-Chami","Sidi-Chami","1943-01-01","1962-07-05"
"COM","92150","0","TAFARAOUI","Tafaraoui","Tafaraoui","1943-01-01","1962-07-05"
"COM","92151","0","TROIS MARABOUTS","Trois-Marabouts","Trois-Marabouts","1943-01-01","1962-07-05"
"COM","92152","0","TURGOT","Turgot","Turgot","1943-01-01","1962-07-05"
"COM","92153","0","VALMY","Valmy","Valmy","1943-01-01","1962-07-05"
"COM","92154","0","SAINTE LEONIE","Sainte-Léonie","Sainte-Léonie","1950-06-29","1962-07-05"
"COM","92201","0","CACHEROU (COMMUNE MIXTE)","Cacherou (commune mixte)","Cacherou (commune mixte)","1943-01-01","1962-07-05"
"COM","92202","0","MASCARA (COMMUNE MIXTE)","Mascara (commune mixte)","Mascara (commune mixte)","1943-01-01","1962-07-05"
"COM","92203","0","SAIDA (COMMUNE MIXTE)","Saïda (commune mixte)","Saïda (commune mixte)","1943-01-01","1962-07-05"
"COM","92210","0","MASCARA","Mascara","Mascara","1943-01-01","1962-07-05"
"COM","92211","0","AIN EL HADJAR","Aïn-El-Hadjar","Aïn-El-Hadjar","1943-01-01","1962-07-05"
"COM","92212","0","AIN FEKAN","Aïn-Fekan","Aïn-Fekan","1943-01-01","1962-07-05"
"COM","92213","0","DOMBASLE","Dombasle","Dombasle","1943-01-01","1962-07-05"
"COM","92214","0","DUBLINEAU","Dublineau","Dublineau","1943-01-01","1962-07-05"
"COM","92215","0","FRANCHETTI","Franchetti","Franchetti","1943-01-01","1962-07-05"
"COM","92216","0","MAOUSSA","Maoussa","Maoussa","1943-01-01","1962-07-05"
"COM","92217","0","OUED TARIA","Oued-Taria","Oued-Taria","1943-01-01","1962-07-05"
"COM","92218","0","PALIKAO","Palikao","Palikao","1943-01-01","1962-07-05"
"COM","92219","0","SAIDA","Saïda","Saïda","1943-01-01","1962-07-05"
"COM","92220","0","THIERSVILLE","Thiersville","Thiersville","1943-01-01","1962-07-05"
"COM","92221","0","UZES LE DUC","Uzès-le-Duc","Uzès-le-Duc","1943-01-01","1962-07-05"
"COM","92222","0","AIN FARES","Aïn-Farès","Aïn-Farès","1948-06-10","1962-07-05"
"COM","92223","0","TIZI","Tizi","Tizi","1948-06-10","1962-07-05"
"COM","92224","0","SONIS","Sonis","Sonis","1953-09-21","1962-07-05"
"COM","92301","0","AMMI MOUSSA (COMMUNE MIXTE)","Ammi-Moussa (commune mixte)","Ammi-Moussa (commune mixte)","1943-01-01","1962-07-05"
"COM","92302","0","CASSAIGNE (COMMUNE MIXTE)","Cassaigne (commune mixte)","Cassaigne (commune mixte)","1943-01-01","1962-07-05"
"COM","92303","0","LA MINA (COMMUNE MIXTE)","La-Mina (commune mixte)","La-Mina (commune mixte)","1943-01-01","1962-07-05"
"COM","92304","0","RENAULT (COMMUNE MIXTE)","Renault (commune mixte)","Renault (commune mixte)","1943-01-01","1962-07-05"
"COM","92305","0","ZEMMORA (COMMUNE MIXTE)","Zemmora (commune mixte)","Zemmora (commune mixte)","1943-01-01","1962-07-05"
"COM","92310","0","MOSTAGANEM","Mostaganem","Mostaganem","1943-01-01","1962-07-05"
"COM","92311","0","ABOUKIR","Aboukir","Aboukir","1943-01-01","1962-07-05"
"COM","92312","0","AIN SIDI CHERIF","Aïn-Sidi-Chérif","Aïn-Sidi-Chérif","1943-01-01","1962-07-05"
"COM","92313","0","AIN TEDELES","Aïn-Tédelès","Aïn-Tédelès","1943-01-01","1962-07-05"
"COM","92314","0","BELLECOTE","Bellecôte","Bellecôte","1943-01-01","1962-07-05"
"COM","92315","0","BELLEVUE","Bellevue","Bellevue","1943-01-01","1962-07-05"
"COM","92316","0","BLAD TOUARIA","Blad-Touaria","Blad-Touaria","1943-01-01","1962-07-05"
"COM","92317","0","BOSQUET","Bosquet","Bosquet","1943-01-01","1962-07-05"
"COM","92318","0","BOUGUIRAT","Bouguirat","Bouguirat","1943-01-01","1962-07-05"
"COM","92319","0","FORNAKA","Fornaka","Fornaka","1943-01-01","1962-07-05"
"COM","92320","0","GEORGES CLEMENCEAU","Georges-Clemenceau","Georges-Clemenceau","1943-01-01","1962-07-05"
"COM","92321","0","L HILLIL","L’Hillil","L’Hillil","1943-01-01","1962-07-05"
"COM","92322","0","INKERMANN","Inkermann","Inkermann","1943-01-01","1962-07-05"
"COM","92323","0","MAZAGRAN","Mazagran","Mazagran","1943-01-01","1962-07-05"
"COM","92324","0","NOISY LES BAINS","Noisy-les-Bains","Noisy-les-Bains","1943-01-01","1962-07-05"
"COM","92325","0","PELISSIER","Pélissier","Pélissier","1943-01-01","1962-07-05"
"COM","92326","0","PONT DU CHELIF","Pont-du-Chélif","Pont-du-Chélif","1943-01-01","1962-07-05"
"COM","92327","0","RELIZANE","Relizane","Relizane","1943-01-01","1962-07-05"
"COM","92328","0","RIVOLI","Rivoli","Rivoli","1943-01-01","1962-07-05"
"COM","92329","0","SAINT AIME","Saint-Aimé","Saint-Aimé","1943-01-01","1962-07-05"
"COM","92330","0","TONIN","Tonin","Tonin","1943-01-01","1962-07-05"
"COM","92331","0","ZEMMORA","Zemmora","Zemmora","1943-01-01","1962-07-05"
"COM","92332","0","LAPASSET","Lapasset","Lapasset","1956-05-07","1962-07-05"
"COM","92401","0","MEKERRA (COMMUNE MIXTE)","Mekerra (commune mixte)","Mekerra (commune mixte)","1943-01-01","1962-07-05"
"COM","92402","0","TELAGH (COMMUNE MIXTE)","Telagh (commune mixte)","Telagh (commune mixte)","1943-01-01","1962-07-05"
"COM","92410","0","SIDI BEL ABBES","Sidi-Bel-Abbès","Sidi-Bel-Abbès","1943-01-01","1962-07-05"
"COM","92411","0","BAUDENS","Baudens","Baudens","1943-01-01","1962-07-05"
"COM","92412","0","BERTHELOT","Berthelot","Berthelot","1943-01-01","1962-07-05"
"COM","92413","0","BONNIER","Bonnier","Bonnier","1943-01-01","1962-07-05"
"COM","92414","0","BOUKANEFIS","Boukanefis","Boukanefis","1943-01-01","1962-07-05"
"COM","92415","0","CHANZY","Chanzy","Chanzy","1943-01-01","1962-07-05"
"COM","92416","0","DELIGNY","Deligny","Deligny","1943-01-01","1962-07-05"
"COM","92417","0","DETRIE","Détrie","Détrie","1943-01-01","1962-07-05"
"COM","92418","0","LAMTAR","Lamtar","Lamtar","1943-01-01","1962-07-05"
"COM","92419","0","MERCIER LACOMBE","Mercier-Lacombe","Mercier-Lacombe","1943-01-01","1962-07-05"
"COM","92420","0","PALISSY","Palissy","Palissy","1943-01-01","1962-07-05"
"COM","92421","0","PARMENTIER","Parmentier","Parmentier","1943-01-01","1962-07-05"
"COM","92422","0","PRUDON","Prudon","Prudon","1943-01-01","1962-07-05"
"COM","92423","0","SLISSEN","Slissen","Slissen","1943-01-01","1962-07-05"
"COM","92424","0","TABIA","Tabia","Tabia","1943-01-01","1962-07-05"
"COM","92425","0","TASSIN","Tassin","Tassin","1943-01-01","1962-07-05"
"COM","92426","0","TELAGH","Telagh","Telagh","1943-01-01","1962-07-05"
"COM","92427","0","TENIRA","Ténira","Ténira","1943-01-01","1962-07-05"
"COM","92428","0","TESSALA","Tessala","Tessala","1943-01-01","1962-07-05"
"COM","92429","0","TIRMAN","Tirman","Tirman","1943-01-01","1962-07-05"
"COM","92430","0","LES TREMBLES","Les Trembles","Les Trembles","1943-01-01","1962-07-05"
"COM","92431","0","ROCHAMBEAU","Rochambeau","Rochambeau","1948-11-22","1962-07-05"
"COM","92432","0","ZEGLA","Zégla","Zégla","1950-11-24","1962-07-05"
"COM","92501","0","MARNIA (COMMUNE MIXTE)","Marnia (commune mixte)","Marnia (commune mixte)","1943-01-01","1962-07-05"
"COM","92502","0","NEDROMA (COMMUNE MIXTE)","Nedroma (commune mixte)","Nedroma (commune mixte)","1943-01-01","1962-07-05"
"COM","92503","0","REMCHI (COMMUNE MIXTE)","Remchi (commune mixte)","Remchi (commune mixte)","1943-01-01","1962-07-05"
"COM","92504","0","SEBDOU (COMMUNE MIXTE)","Sebdou (commune mixte)","Sebdou (commune mixte)","1943-01-01","1962-07-05"
"COM","92510","0","TLEMCEN","Tlemcen","Tlemcen","1943-01-01","1962-07-05"
"COM","92511","0","BENI SAF","Béni-Saf","Béni-Saf","1943-01-01","1962-07-05"
"COM","92512","0","DESCARTES","Descartes","Descartes","1943-01-01","1962-07-05"
"COM","92513","0","EUGENE ETIENNE","Eugène-Etienne","Eugène-Etienne","1943-01-01","1962-07-05"
"COM","92514","0","LAMORICIERE","Lamoricière","Lamoricière","1943-01-01","1962-07-05"
"COM","92515","0","MARNIA","Marnia","Marnia","1943-01-01","1962-07-05"
"COM","92516","0","NEMOURS","Nemours","Nemours","1943-01-01","1962-07-05"
"COM","92517","0","PONT DE L ISSER","Pont-de-l’Isser","Pont-de-l’Isser","1943-01-01","1962-07-05"
"COM","92518","0","TURENNE","Turenne","Turenne","1943-01-01","1962-07-05"
"COM","92519","0","LES ABDELLYS","Les Abdellys","Les Abdellys","1949-03-09","1962-07-05"
"COM","92520","0","LAVAYSSIERE","Lavayssière","Lavayssière","1950-05-05","1962-07-05"
"COM","92601","0","AFLOU (COMMUNE MIXTE)","Aflou (commune mixte)","Aflou (commune mixte)","1943-01-01","1962-07-05"
"COM","92602","0","DJEBEL NADOR (COMMUNE MIXTE)","Djebel-Nador (commune mixte)","Djebel-Nador (commune mixte)","1943-01-01","1962-07-05"
"COM","92603","0","FRENDA (COMMUNE MIXTE)","Frenda (commune mixte)","Frenda (commune mixte)","1943-01-01","1962-07-05"
"COM","92604","0","TIARET (COMMUNE MIXTE)","Tiaret (commune mixte)","Tiaret (commune mixte)","1943-01-01","1962-07-05"
"COM","92610","0","TIARET","Tiaret","Tiaret","1943-01-01","1962-07-05"
"COM","92611","0","FRENDA","Frenda","Frenda","1943-01-01","1962-07-05"
"COM","92612","0","MONTGOLFIER","Montgolfier","Montgolfier","1943-01-01","1962-07-05"
"COM","92613","0","PALAT","Palat","Palat","1943-01-01","1962-07-05"
"COM","92614","0","PREVOST PARADOL","Prévost-Paradol","Prévost-Paradol","1943-01-01","1962-07-05"
"COM","92615","0","TRUMELET","Trumelet","Trumelet","1943-01-01","1962-07-05"
"COM","92616","0","TREZEL","Trézel","Trézel","1946-09-28","1962-07-05"
"COM","92617","0","MARTIMPREY","Martimprey","Martimprey","1949-06-07","1962-07-05"
"COM","93101","0","AIN M LILA (COMMUNE MIXTE)","Aïn-M’Lila (commune mixte)","Aïn-M’Lila (commune mixte)","1943-01-01","1962-07-05"
"COM","93102","0","CHATEAUDUN DU RHUMEL (COMMUNE MIXTE)","Châteaudun-du-Rhumel (commune mixte)","Châteaudun-du-Rhumel (commune mixte)","1943-01-01","1962-07-05"
"COM","93103","0","EL MILIA (COMMUNE MIXTE)","El-Milia (commune mixte)","El-Milia (commune mixte)","1943-01-01","1962-07-05"
"COM","93104","0","FEDJ M ZALA (COMMUNE MIXTE)","Fedj-M’Zala (commune mixte)","Fedj-M’Zala (commune mixte)","1943-01-01","1962-07-05"
"COM","93105","0","MESKIANA (COMMUNE MIXTE)","Meskiana (commune mixte)","Meskiana (commune mixte)","1943-01-01","1962-07-05"
"COM","93106","0","MORSOTT (COMMUNE MIXTE)","Morsott (commune mixte)","Morsott (commune mixte)","1943-01-01","1962-07-05"
"COM","93107","0","OUM EL BOUAGHI (COMMUNE MIXTE)","Oum-El-Bouaghi (commune mixte)","Oum-El-Bouaghi (commune mixte)","1943-01-01","1962-07-05"
"COM","93108","0","SEDRATA (COMMUNE MIXTE)","Sedrata (commune mixte)","Sedrata (commune mixte)","1943-01-01","1962-07-05"
"COM","93109","0","TEBESSA (COMMUNE MIXTE)","Tébessa (commune mixte)","Tébessa (commune mixte)","1943-01-01","1962-07-05"
"COM","93110","0","CONSTANTINE","Constantine","Constantine","1943-01-01","1962-07-05"
"COM","93111","0","AIN ABID","Aïn-Abid","Aïn-Abid","1943-01-01","1962-07-05"
"COM","93112","0","AIN BEIDA","Aïn-Beida","Aïn-Beida","1943-01-01","1962-07-05"
"COM","93113","0","AIN KERMA","Aïn-Kerma","Aïn-Kerma","1943-01-01","1962-07-05"
"COM","93114","0","AIN SMARA","Aïn-Smara","Aïn-Smara","1943-01-01","1962-07-05"
"COM","93115","0","AIN TINN","Aïn-Tinn","Aïn-Tinn","1943-01-01","1962-07-05"
"COM","93116","0","BIZOT","Bizot","Bizot","1943-01-01","1962-07-05"
"COM","93117","0","CHATEAUDUN DU RHUMEL","Châteaudun-du-Rhumel","Châteaudun-du-Rhumel","1943-01-01","1962-07-05"
"COM","93118","0","CONDE SMENDOU","Condé-Smendou","Condé-Smendou","1943-01-01","1962-07-05"
"COM","93119","0","GRAREM","Grarem","Grarem","1943-01-01","1962-07-05"
"COM","93120","0","GUETTAR EL AIECH","Guettar-el-Aïech","Guettar-el-Aïech","1943-01-01","1962-07-05"
"COM","93121","0","HAMMA PLAISANCE","Hamma-Plaisance","Hamma-Plaisance","1943-01-01","1962-07-05"
"COM","93122","0","LE KHROUB","Le Khroub","Le Khroub","1943-01-01","1962-07-05"
"COM","93123","0","MILA","Mila","Mila","1943-01-01","1962-07-05"
"COM","93124","0","OUED ATHMENIA","Oued-Athménia","Oued-Athménia","1943-01-01","1962-07-05"
"COM","93125","0","OUED SEGUIN","Oued-Seguin","Oued-Seguin","1943-01-01","1962-07-05"
"COM","93126","0","OUED ZENATI","Oued-Zenati","Oued-Zenati","1943-01-01","1962-07-05"
"COM","93127","0","OULED RAHMOUN","Ouled-Rahmoun","Ouled-Rahmoun","1943-01-01","1962-07-05"
"COM","93128","0","RENIER","Renier","Renier","1943-01-01","1962-07-05"
"COM","93129","0","ROUFFACH","Rouffach","Rouffach","1943-01-01","1962-07-05"
"COM","93130","0","SIDI MEROUANE","Sidi-Mérouane","Sidi-Mérouane","1943-01-01","1962-07-05"
"COM","93131","0","TEBESSA","Tébessa","Tébessa","1943-01-01","1962-07-05"
"COM","93132","0","ZERAIA","Zéraïa","Zéraïa","1943-01-01","1962-07-05"
"COM","93201","0","AIN EL KSAR (COMMUNE MIXTE)","Aïn-El-Ksar (commune mixte)","Aïn-El-Ksar (commune mixte)","1943-01-01","1962-07-05"
"COM","93202","0","AIN TOUTA (COMMUNE MIXTE)","Aïn-Touta (commune mixte)","Aïn-Touta (commune mixte)","1943-01-01","1962-07-05"
"COM","93203","0","AURES (COMMUNE MIXTE)","Aurès (commune mixte)","Aurès (commune mixte)","1943-01-01","1962-07-05"
"COM","93204","0","BARIKA (COMMUNE MIXTE)","Barika (commune mixte)","Barika (commune mixte)","1943-01-01","1962-07-05"
"COM","93205","0","BELEZMA (COMMUNE MIXTE)","Belezma (commune mixte)","Belezma (commune mixte)","1943-01-01","1962-07-05"
"COM","93206","0","KHENCHELA (COMMUNE MIXTE)","Khenchela (commune mixte)","Khenchela (commune mixte)","1943-01-01","1962-07-05"
"COM","93210","0","BATNA","Batna","Batna","1943-01-01","1962-07-05"
"COM","93211","0","BISKRA","Biskra","Biskra","1943-01-01","1962-07-05"
"COM","93212","0","KHENCHELA","Khenchela","Khenchela","1943-01-01","1962-07-05"
"COM","93213","0","LAMBESE","Lambèse","Lambèse","1943-01-01","1962-07-05"
"COM","93301","0","EDOUGH (COMMUNE MIXTE)","Edough (commune mixte)","Edough (commune mixte)","1943-01-01","1962-07-05"
"COM","93302","0","LA CALLE (COMMUNE MIXTE)","La-Calle (commune mixte)","La-Calle (commune mixte)","1943-01-01","1962-07-05"
"COM","93310","0","BONE","Bône","Bône","1943-01-01","1962-07-05"
"COM","93311","0","AIN MOKRA","Aïn-Mokra","Aïn-Mokra","1943-01-01","1962-07-05"
"COM","93312","0","BARRAL","Barral","Barral","1943-01-01","1962-07-05"
"COM","93313","0","BUGEAUD","Bugeaud","Bugeaud","1943-01-01","1962-07-05"
"COM","93314","0","DUVIVIER","Duvivier","Duvivier","1943-01-01","1962-07-05"
"COM","93315","0","DUZERVILLE","Duzerville","Duzerville","1943-01-01","1962-07-05"
"COM","93316","0","HERBILLON","Herbillon","Herbillon","1943-01-01","1962-07-05"
"COM","93317","0","LA CALLE","La-Calle","La-Calle","1943-01-01","1962-07-05"
"COM","93318","0","MONDOVI","Mondovi","Mondovi","1943-01-01","1962-07-05"
"COM","93319","0","MORRIS","Morris","Morris","1943-01-01","1962-07-05"
"COM","93320","0","NECHMEYA","Nechmeya","Nechmeya","1943-01-01","1962-07-05"
"COM","93321","0","PENTHIEVRE","Penthièvre","Penthièvre","1943-01-01","1962-07-05"
"COM","93322","0","RANDON","Randon","Randon","1943-01-01","1962-07-05"
"COM","93323","0","LAMY","Lamy","Lamy","1948-06-01","1962-07-05"
"COM","93401","0","AKBOU (COMMUNE MIXTE)","Akbou (commune mixte)","Akbou (commune mixte)","1943-01-01","1962-07-05"
"COM","93402","0","DJIDJELLI (COMMUNE MIXTE)","Djidjelli (commune mixte)","Djidjelli (commune mixte)","1943-01-01","1962-07-05"
"COM","93403","0","GUERGOUR (COMMUNE MIXTE)","Guergour (commune mixte)","Guergour (commune mixte)","1943-01-01","1962-07-05"
"COM","93404","0","OUED MARSA (COMMUNE MIXTE)","Oued-Marsa (commune mixte)","Oued-Marsa (commune mixte)","1943-01-01","1962-07-05"
"COM","93405","0","SOUMMAM (COMMUNE MIXTE)","Soummam (commune mixte)","Soummam (commune mixte)","1943-01-01","1962-07-05"
"COM","93406","0","TAHER (COMMUNE MIXTE)","Taher (commune mixte)","Taher (commune mixte)","1943-01-01","1962-07-05"
"COM","93410","0","BOUGIE","Bougie","Bougie","1943-01-01","1962-07-05"
"COM","93411","0","AKBOU","Akbou","Akbou","1943-01-01","1962-07-05"
"COM","93412","0","CHEFKA","Chefka","Chefka","1943-01-01","1962-07-05"
"COM","93413","0","DJIDJELLI","Djidjelli","Djidjelli","1943-01-01","1962-07-05"
"COM","93414","0","DUQUESNE","Duquesne","Duquesne","1943-01-01","1962-07-05"
"COM","93415","0","EL KSEUR","El-Kseur","El-Kseur","1943-01-01","1962-07-05"
"COM","93416","0","OUED AMIZOUR","Oued-Amizour","Oued-Amizour","1943-01-01","1962-07-05"
"COM","93417","0","SEDDOUK","Seddouk","Seddouk","1943-01-01","1962-07-05"
"COM","93418","0","STRASBOURG","Strasbourg","Strasbourg","1943-01-01","1962-07-05"
"COM","93419","0","TAZMALT","Tazmalt","Tazmalt","1943-01-01","1962-07-05"
"COM","93420","0","ZIAMA MANSOURIA","Ziama-Mansouria","Ziama-Mansouria","1948-06-01","1962-07-05"
"COM","93501","0","OUED CHERF (COMMUNE MIXTE)","Oued-Cherf (commune mixte)","Oued-Cherf (commune mixte)","1943-01-01","1962-07-05"
"COM","93502","0","SEFIA (COMMUNE MIXTE)","Séfia (commune mixte)","Séfia (commune mixte)","1943-01-01","1962-07-05"
"COM","93503","0","SOUK AHRAS (COMMUNE MIXTE)","Souk-Ahras (commune mixte)","Souk-Ahras (commune mixte)","1943-01-01","1962-07-05"
"COM","93510","0","GUELMA","Guelma","Guelma","1943-01-01","1962-07-05"
"COM","93511","0","CLAUZEL","Clauzel","Clauzel","1943-01-01","1962-07-05"
"COM","93512","0","GALLIENI","Galliéni","Galliéni","1943-01-01","1962-07-05"
"COM","93513","0","GUELAAT BOU SBA","Guelaât-Bou-Sba","Guelaât-Bou-Sba","1943-01-01","1962-07-05"
"COM","93514","0","HELIOPOLIS","Héliopolis","Héliopolis","1943-01-01","1962-07-05"
"COM","93515","0","KELLERMANN","Kellermann","Kellermann","1943-01-01","1962-07-05"
"COM","93516","0","MILLESIMO","Millésimo","Millésimo","1943-01-01","1962-07-05"
"COM","93517","0","PETIT","Petit","Petit","1943-01-01","1962-07-05"
"COM","93518","0","SOUK AHRAS","Souk-Ahras","Souk-Ahras","1943-01-01","1962-07-05"
"COM","93601","0","COLLO (COMMUNE MIXTE)","Collo (commune mixte)","Collo (commune mixte)","1943-01-01","1962-07-05"
"COM","93602","0","JEMMAPES (COMMUNE MIXTE)","Jemmapes (commune mixte)","Jemmapes (commune mixte)","1943-01-01","1962-07-05"
"COM","93610","0","PHILIPPEVILLE","Philippeville","Philippeville","1943-01-01","1962-07-05"
"COM","93611","0","COL DES OLIVIERS","Col-des-Oliviers","Col-des-Oliviers","1943-01-01","1962-07-05"
"COM","93612","0","COLLO","Collo","Collo","1943-01-01","1962-07-05"
"COM","93613","0","EL ARROUCH","El-Arrouch","El-Arrouch","1943-01-01","1962-07-05"
"COM","93614","0","GASTONVILLE","Gastonville","Gastonville","1943-01-01","1962-07-05"
"COM","93615","0","GASTU","Gastu","Gastu","1943-01-01","1962-07-05"
"COM","93616","0","JEMMAPES","Jemmapes","Jemmapes","1943-01-01","1962-07-05"
"COM","93617","0","ROBERTVILLE","Robertville","Robertville","1943-01-01","1962-07-05"
"COM","93618","0","SAINT CHARLES","Saint-Charles","Saint-Charles","1943-01-01","1962-07-05"
"COM","93619","0","STORA","Stora","Stora","1943-01-01","1962-07-05"
"COM","93701","0","BIBANS (COMMUNE MIXTE)","Bibans (commune mixte)","Bibans (commune mixte)","1943-01-01","1962-07-05"
"COM","93702","0","DES EULMA (COMMUNE MIXTE)","Des-Eulma (commune mixte)","Des-Eulma (commune mixte)","1943-01-01","1962-07-05"
"COM","93703","0","DES MAADID (COMMUNE MIXTE)","Des-Maadid (commune mixte)","Des-Maadid (commune mixte)","1943-01-01","1962-07-05"
"COM","93704","0","M SILA (COMMUNE MIXTE)","M’Sila (commune mixte)","M’Sila (commune mixte)","1943-01-01","1962-07-05"
"COM","93705","0","RHIRA (COMMUNE MIXTE)","Rhira (commune mixte)","Rhira (commune mixte)","1943-01-01","1962-07-05"
"COM","93706","0","TAKITOUNT (COMMUNE MIXTE)","Takitount (commune mixte)","Takitount (commune mixte)","1943-01-01","1962-07-05"
"COM","93710","0","SETIF","Sétif","Sétif","1943-01-01","1962-07-05"
"COM","93711","0","AIN ABESSA","Aïn-Abessa","Aïn-Abessa","1943-01-01","1962-07-05"
"COM","93712","0","AIN ROUA","Aïn-Roua","Aïn-Roua","1943-01-01","1962-07-05"
"COM","93713","0","AIN TAGROUT","Aïn-Tagrout","Aïn-Tagrout","1943-01-01","1962-07-05"
"COM","93714","0","AMPERE","Ampère","Ampère","1943-01-01","1962-07-05"
"COM","93715","0","BORDJ BOU ARRERIDJ","Bordj-Bou-Arréridj","Bordj-Bou-Arréridj","1943-01-01","1962-07-05"
"COM","93716","0","COLBERT","Colbert","Colbert","1943-01-01","1962-07-05"
"COM","93717","0","COLIGNY","Coligny","Coligny","1943-01-01","1962-07-05"
"COM","93718","0","EL OURICIA","El-Ouricia","El-Ouricia","1943-01-01","1962-07-05"
"COM","93719","0","SAINT ARNAUD","Saint-Arnaud","Saint-Arnaud","1943-01-01","1962-07-05"
"COM","93720","0","TOCQUEVILLE","Tocqueville","Tocqueville","1943-01-01","1962-07-05"
"COM","93721","0","KERRATA","Kerrata","Kerrata","1949-01-15","1962-07-05"
"COM","94101","0","AIN SEFRA (COMMUNE MIXTE)","Aïn-Sefra (commune mixte)","Aïn-Sefra (commune mixte)","1943-01-01","1962-07-05"
"COM","94102","0","MECHERIA (COMMUNE MIXTE)","Mécheria (commune mixte)","Mécheria (commune mixte)","1943-01-01","1962-07-05"
"COM","94103","0","GERYVILLE (COMMUNE MIXTE)","Géryville (commune mixte)","Géryville (commune mixte)","1943-01-01","1962-07-05"
"COM","94104","0","COLOMB BECHAR (COMMUNE MIXTE)","Colomb-Béchar (commune mixte)","Colomb-Béchar (commune mixte)","1943-01-01","1962-07-05"
"COM","94105","0","BREZINA EL ABIODH (COMMUNE MIXTE)","Brezina-El-Abiodh (commune mixte)","Brezina-El-Abiodh (commune mixte)","1958-12-12","1962-07-05"
"COM","94191","0","LA SAOURA","La-Saoura","La-Saoura","1943-01-01","1949-09-05"
"COM","94191","0","TINDOUF","Tindouf","Tindouf","1949-09-05","1962-07-05"
"COM","94192","0","TOUAT","Touat","Touat","1943-01-01","1962-07-05"
"COM","94193","0","GOURARA","Gourara","Gourara","1949-07-15","1962-07-05"
"COM","94194","0","LA SAOURA","La-Saoura","La-Saoura","1949-09-05","1962-07-05"
"COM","94201","0","DJELFA (COMMUNE MIXTE)","Djelfa (commune mixte)","Djelfa (commune mixte)","1943-01-01","1962-07-05"
"COM","94202","0","LAGHOUAT (COMMUNE MIXTE)","Laghouat (commune mixte)","Laghouat (commune mixte)","1943-01-01","1962-07-05"
"COM","94291","0","GHARDAIA","Ghardaïa","Ghardaïa","1943-01-01","1962-07-05"
"COM","94292","0","EL GOLEA","El-Goléa","El-Goléa","1952-12-09","1962-07-05"
"COM","94301","0","TOUGGOURT (COMMUNE MIXTE)","Touggourt (commune mixte)","Touggourt (commune mixte)","1943-01-01","1962-07-05"
"COM","94302","0","BISKRA (COMMUNE MIXTE)","Biskra (commune mixte)","Biskra (commune mixte)","1943-01-01","1962-07-05"
"COM","94303","0","EL OUED (COMMUNE MIXTE)","El-Oued (commune mixte)","El-Oued (commune mixte)","1943-01-01","1962-07-05"
"COM","94304","0","OULED DJELLAL (COMMUNE MIXTE)","Ouled-Djellal (commune mixte)","Ouled-Djellal (commune mixte)","1944-05-09","1962-07-05"
"COM","94491","0","OUARGALA","Ouargala","Ouargala","1943-01-01","1962-07-05"
"COM","94492","0","TIDIKELT","Tidikelt","Tidikelt","1943-01-01","1962-07-05"
"COM","94493","0","AJJER","Ajjer","Ajjer","1949-06-14","1962-07-05"
"COM","94494","0","HOGGAR","Hoggar","Hoggar","1949-06-15","1962-07-05"
"COM","95101","0","CASABLANCA","Casablanca","Casablanca","1943-01-01","1956-03-02"
"COM","95110","0","CHAOUIA NORD","Chaouïa-Nord","Chaouïa-Nord","1943-01-01","1956-03-02"
"COM","95112","0","BERRECHID","Berrechid","Berrechid","1943-01-01","1956-03-02"
"COM","95113","0","BOUCHERON","Boucheron","Boucheron","1943-01-01","1956-03-02"
"COM","95114","0","BOULHAUT","Boulhaut","Boulhaut","1943-01-01","1956-03-02"
"COM","95116","0","FEDALA","Fédala","Fédala","1943-01-01","1956-03-02"
"COM","95120","0","CHAOUIA SUD","Chaouïa-Sud","Chaouïa-Sud","1943-01-01","1956-03-02"
"COM","95122","0","SETTAT","Settat","Settat","1943-01-01","1956-03-02"
"COM","95123","0","BENAHMED","Benahmed","Benahmed","1943-01-01","1956-03-02"
"COM","95124","0","EL BOROUJ","El-Borouj","El-Borouj","1943-01-01","1956-03-02"
"COM","95125","0","OULAD SAID","Oulad-Saïd","Oulad-Saïd","1943-01-01","1956-03-02"
"COM","95131","0","OUED ZEM","Oued-Zem","Oued-Zem","1943-01-01","1956-03-02"
"COM","95132","0","KHOURIBGA","Khouribga","Khouribga","1943-01-01","1956-03-02"
"COM","95133","0","DAR OULD ZIDOUH","Dar-Ould-Zidouh","Dar-Ould-Zidouh","1943-01-01","1956-03-02"
"COM","95134","0","KASBA TADLA","Kasba-Tadla","Kasba-Tadla","1943-01-01","1956-03-02"
"COM","95135","0","BOUJAD","Boujad","Boujad","1943-01-01","1956-03-02"
"COM","95136","0","BENI MELLAL","Beni-Mellal","Beni-Mellal","1943-01-01","1956-03-02"
"COM","95142","0","MAZAGAN","Mazagan","Mazagan","1943-01-01","1956-03-02"
"COM","95144","0","AZEMMOUR","Azemmour","Azemmour","1943-01-01","1956-03-02"
"COM","95145","0","SIDI BENNOUR","Sidi-Bennour","Sidi-Bennour","1943-01-01","1956-03-02"
"COM","95201","0","FES","Fès","Fès","1943-01-01","1956-03-02"
"COM","95211","0","FES BANLIEUE","Fès-Banlieue","Fès-Banlieue","1943-01-01","1956-03-02"
"COM","95212","0","KARIA BA MOHAMMED","Karia-Ba-Mohammed","Karia-Ba-Mohammed","1943-01-01","1956-03-02"
"COM","95213","0","EL KELAA DES SLES","El-Kelaa-des-Slès","El-Kelaa-des-Slès","1943-01-01","1956-03-02"
"COM","95214","0","TISSA","Tissa","Tissa","1943-01-01","1956-03-02"
"COM","95222","0","SEFROU","Séfrou","Séfrou","1943-01-01","1956-03-02"
"COM","95223","0","AHERMOUMOU","Ahermoumou","Ahermoumou","1943-01-01","1956-03-02"
"COM","95224","0","BOULEMANE","Boulemane","Boulemane","1943-01-01","1956-03-02"
"COM","95226","0","IMMOUZER DES MARMOUCHA","Immouzer-des-Marmoucha","Immouzer-des-Marmoucha","1943-01-01","1956-03-02"
"COM","95230","0","HAUT OUERRHA","Haut-Ouerrha","Haut-Ouerrha","1943-01-01","1956-03-02"
"COM","95231","0","TAOUNATE","Taounate","Taounate","1943-01-01","1956-03-02"
"COM","95232","0","LE TLETA DES BENI OULID","Le Tléta-des-Béni-Oulid","Le Tléta-des-Béni-Oulid","1943-01-01","1956-03-02"
"COM","95240","0","MOYEN OUERRHA","Moyen-Ouerrha","Moyen-Ouerrha","1943-01-01","1956-03-02"
"COM","95241","0","RAFSAI","Rafsaï","Rafsaï","1943-01-01","1956-03-02"
"COM","95242","0","TAFRANNT DE L OUERRHA","Tafrannt-de-l’Ouerrha","Tafrannt-de-l’Ouerrha","1943-01-01","1956-03-02"
"COM","95262","0","TAZA","Taza","Taza","1943-01-01","1956-03-02"
"COM","95263","0","MERHAOUA","Merhaoua","Merhaoua","1943-01-01","1956-03-02"
"COM","95264","0","TAHAIA","Tahaïa","Tahaïa","1943-01-01","1956-03-02"
"COM","95271","0","GUERCIF","Guercif","Guercif","1943-01-01","1956-03-02"
"COM","95272","0","BERKINE","Berkine","Berkine","1943-01-01","1956-03-02"
"COM","95273","0","MISSOUR","Missour","Missour","1943-01-01","1956-03-02"
"COM","95274","0","OUTAT OULAD EL HAJ","Outat-Oulad-El-Haj","Outat-Oulad-El-Haj","1943-01-01","1956-03-02"
"COM","95276","0","SAKA","Saka","Saka","1943-01-01","1956-03-02"
"COM","95280","0","HAUT LEBEN","Haut-Leben","Haut-Leben","1943-01-01","1956-03-02"
"COM","95281","0","TAINESTE","Taïneste","Taïneste","1943-01-01","1956-03-02"
"COM","95282","0","BAB EL MROUJ","Bab-el-Mrouj","Bab-el-Mrouj","1943-01-01","1956-03-02"
"COM","95283","0","KEF EL RHAR","Kef-el-Rhar","Kef-el-Rhar","1943-01-01","1956-03-02"
"COM","95284","0","TAHAR SOUK","Tahar-Souk","Tahar-Souk","1943-01-01","1956-03-02"
"COM","95285","0","BENI LENNT","Beni-Lennt","Beni-Lennt","1943-01-01","1956-03-02"
"COM","95290","0","HAUT MSOUN","Haut-Msoun","Haut-Msoun","1943-01-01","1956-03-02"
"COM","95291","0","AKNOUL","Aknoul","Aknoul","1943-01-01","1956-03-02"
"COM","95292","0","MEZGUITEM","Mezguitem","Mezguitem","1943-01-01","1956-03-02"
"COM","95301","0","MARRAKECH","Marrakech","Marrakech","1943-01-01","1956-03-02"
"COM","95311","0","MARRAKECH BANLIEUE","Marrakech-Banlieue","Marrakech-Banlieue","1943-01-01","1956-03-02"
"COM","95313","0","SKHOUR DES REHAMNA","Skhour-des-Rehamna","Skhour-des-Rehamna","1943-01-01","1956-03-02"
"COM","95314","0","EL KELAA DES SRARHNA","El-Kelaa-des-Srarhna","El-Kelaa-des-Srarhna","1943-01-01","1956-03-02"
"COM","95315","0","SIDI RAHHAL","Sidi-Rahhal","Sidi-Rahhal","1943-01-01","1956-03-02"
"COM","95316","0","AMISMIZ","Amismiz","Amismiz","1943-01-01","1956-03-02"
"COM","95317","0","IMI N TANOUTE","Imi-N’Tanoute","Imi-N’Tanoute","1943-01-01","1956-03-02"
"COM","95318","0","CHICHAOUA","Chichaoua","Chichaoua","1943-01-01","1956-03-02"
"COM","95322","0","SAFI","Safi","Safi","1943-01-01","1956-03-02"
"COM","95323","0","CHEMAIA","Chemaïa","Chemaïa","1943-01-01","1956-03-02"
"COM","95332","0","MOGADOR","Mogador","Mogador","1943-01-01","1956-03-02"
"COM","95333","0","TAMANAR","Tamanar","Tamanar","1943-01-01","1956-03-02"
"COM","95341","0","AZILAL","Azilal","Azilal","1943-01-01","1956-03-02"
"COM","95342","0","OUAOUIZARHT","Ouaouizarht","Ouaouizarht","1943-01-01","1956-03-02"
"COM","95343","0","AIT MEHAMMED","Aït-Mehammed","Aït-Mehammed","1943-01-01","1956-03-02"
"COM","95351","0","AIT OURIR","Aït-Ourir","Aït-Ourir","1943-01-01","1956-03-02"
"COM","95352","0","DEMNATE","Demnate","Demnate","1943-01-01","1956-03-02"
"COM","95371","0","OUARZAZATE","Ouarzazate","Ouarzazate","1943-01-01","1956-03-02"
"COM","95372","0","SJOURA DES AHL EL OUSTE","Sjoura-des-Ahl-el-Ouste","Sjoura-des-Ahl-el-Ouste","1943-01-01","1956-03-02"
"COM","95373","0","TALIOUINE","Taliouine","Taliouine","1943-01-01","1956-03-02"
"COM","95375","0","TAZENAKHT","Tazenakht","Tazenakht","1943-01-01","1956-03-02"
"COM","95380","0","DADES TODRHA","Dadès-Todrha","Dadès-Todrha","1943-01-01","1956-03-02"
"COM","95381","0","BOUMAINE DU DADES","Boumaine-du-Dadès","Boumaine-du-Dadès","1943-01-01","1956-03-02"
"COM","95382","0","EL KELAA DES MGOUNA","El-Kelaa-des-Mgouna","El-Kelaa-des-Mgouna","1943-01-01","1956-03-02"
"COM","95383","0","SEMIR","Semir","Semir","1943-01-01","1956-03-02"
"COM","95384","0","TINERHIR","Tinerhir","Tinerhir","1943-01-01","1956-03-02"
"COM","95391","0","ZAGORA","Zagora","Zagora","1943-01-01","1956-03-02"
"COM","95392","0","AGDZ","Agdz","Agdz","1943-01-01","1956-03-02"
"COM","95393","0","TAGOUNITE","Tagounite","Tagounite","1943-01-01","1956-03-02"
"COM","95394","0","TAZZARINE DES AIT ATTA","Tazzarine-des-Aït-Atta","Tazzarine-des-Aït-Atta","1943-01-01","1956-03-02"
"COM","95401","0","MEKNES","Meknès","Meknès","1943-01-01","1956-03-02"
"COM","95410","0","MEKNES BANLIEUE","Meknès-Banlieue","Meknès-Banlieue","1943-01-01","1956-03-02"
"COM","95421","0","EL HAJEB","El-Hajeb","El-Hajeb","1943-01-01","1956-03-02"
"COM","95422","0","IFRANE","Ifrane","Ifrane","1943-01-01","1956-03-02"
"COM","95431","0","AZROU","Azrou","Azrou","1943-01-01","1956-03-02"
"COM","95432","0","AIN LEUH","Aïn-Leuh","Aïn-Leuh","1943-01-01","1956-03-02"
"COM","95433","0","EL HAMMAN","El-Hamman","El-Hamman","1943-01-01","1956-03-02"
"COM","95441","0","MIDELT","Midelt","Midelt","1943-01-01","1956-03-02"
"COM","95442","0","ITZER","Itzer","Itzer","1943-01-01","1956-03-02"
"COM","95443","0","TOUNFITE","Tounfite","Tounfite","1943-01-01","1956-03-02"
"COM","95451","0","KHENIFRA","Khénifra","Khénifra","1943-01-01","1956-03-02"
"COM","95452","0","MOULAY BOUAZZA","Moulay-Bouâzza","Moulay-Bouâzza","1943-01-01","1956-03-02"
"COM","95453","0","EL KBAB","El-Kbab","El-Kbab","1943-01-01","1956-03-02"
"COM","95454","0","ARHBALA","Arhbala","Arhbala","1943-01-01","1956-03-02"
"COM","95456","0","EL KSIBA","El-Ksiba","El-Ksiba","1943-01-01","1956-03-02"
"COM","95460","0","TAFILALET","Tafilalet","Tafilalet","1943-01-01","1956-03-02"
"COM","95461","0","KSAR ES SOUK","Ksar-Es-Souk","Ksar-Es-Souk","1943-01-01","1956-03-02"
"COM","95470","0","AIT MORRHAD","Aït-Morrhad","Aït-Morrhad","1943-01-01","1956-03-02"
"COM","95471","0","GOULMINA","Goulmina","Goulmina","1943-01-01","1956-03-02"
"COM","95472","0","ASSOUL","Assoul","Assoul","1943-01-01","1956-03-02"
"COM","95473","0","IMILCHIL","Imilchil","Imilchil","1943-01-01","1956-03-02"
"COM","95474","0","RICH","Rich","Rich","1943-01-01","1956-03-02"
"COM","95479","0","TINEJDAD","Tinejdad","Tinejdad","1943-01-01","1956-03-02"
"COM","95481","0","ERFOUD","Erfoud","Erfoud","1943-01-01","1956-03-02"
"COM","95482","0","RISSANI","Rissani","Rissani","1943-01-01","1956-03-02"
"COM","95484","0","ALNIF","Alnif","Alnif","1943-01-01","1956-03-02"
"COM","95491","0","BOUDENIB","Boudenib","Boudenib","1943-01-01","1956-03-02"
"COM","95492","0","TALSINNT","Talsinnt","Talsinnt","1943-01-01","1956-03-02"
"COM","95501","0","OUJDA","Oujda","Oujda","1943-01-01","1956-03-02"
"COM","95512","0","EL AIOUN","El-Aïoun","El-Aïoun","1943-01-01","1956-03-02"
"COM","95513","0","BERGUENT","Berguent","Berguent","1943-01-01","1956-03-02"
"COM","95521","0","BERKANE","Berkane","Berkane","1943-01-01","1956-03-02"
"COM","95522","0","MARTIMPREY DU KISS","Martimprey-du-Kiss","Martimprey-du-Kiss","1943-01-01","1956-03-02"
"COM","95531","0","FIGUIG","Figuig","Figuig","1943-01-01","1956-03-02"
"COM","95532","0","TENDRARA","Tendrara","Tendrara","1943-01-01","1956-03-02"
"COM","95541","0","TAOURIRT","Taourirt","Taourirt","1943-01-01","1956-03-02"
"COM","95542","0","DEBDOU","Debdou","Debdou","1943-01-01","1956-03-02"
"COM","95601","0","RABAT","Rabat","Rabat","1943-01-01","1956-03-02"
"COM","95610","0","RABAT BANLIEUE","Rabat-Banlieue","Rabat-Banlieue","1943-01-01","1956-03-02"
"COM","95622","0","SALE","Salé","Salé","1943-01-01","1956-03-02"
"COM","95631","0","MARCHAND","Marchand","Marchand","1943-01-01","1956-03-02"
"COM","95640","0","ZEMMOUR","Zemmour","Zemmour","1943-01-01","1956-03-02"
"COM","95641","0","KHEMISSET","Khémisset","Khémisset","1943-01-01","1956-03-02"
"COM","95642","0","OULMES","Oulmès","Oulmès","1943-01-01","1956-03-02"
"COM","95643","0","TEDDERS","Tedders","Tedders","1943-01-01","1956-03-02"
"COM","95652","0","OUEZZANE","Ouezzane","Ouezzane","1943-01-01","1956-03-02"
"COM","95653","0","ZOUMI","Zoumi","Zoumi","1943-01-01","1956-03-02"
"COM","95654","0","ARBAOUA","Arbaoua","Arbaoua","1943-01-01","1956-03-02"
"COM","95655","0","TEROUAL","Teroual","Teroual","1943-01-01","1956-03-02"
"COM","95661","0","PORT LYAUTEY","Port-Lyautey","Port-Lyautey","1943-01-01","1956-03-02"
"COM","95681","0","PETITJEAN","Petitjean","Petitjean","1943-01-01","1956-03-02"
"COM","95691","0","SOUK EL ARBA DU RHARB","Souk-el-Arba-du-Rharb","Souk-el-Arba-du-Rharb","1943-01-01","1956-03-02"
"COM","95692","0","MECHRA BEL KSIRI","Mechrâ-Bel-Ksiri","Mechrâ-Bel-Ksiri","1943-01-01","1956-03-02"
"COM","95693","0","HAD KOOURT","Had-Koourt","Had-Koourt","1943-01-01","1956-03-02"
"COM","95711","0","AGADIR","Agadir","Agadir","1943-01-01","1956-03-02"
"COM","95720","0","AGADIR BANLIEUE A INNEZGANE","Agadir-Banlieue à Innezgane","Agadir-Banlieue à Innezgane","1943-01-01","1956-03-02"
"COM","95730","0","IDA OU TANANE A IMMOUZER DES IDA OU TANANE","Ida-ou-Tanane à Immouzer-des-Ida-ou-Tanane","Ida-ou-Tanane à Immouzer-des-Ida-ou-Tanane","1943-01-01","1956-03-02"
"COM","95741","0","TAROUDANNT","Taroudannt","Taroudannt","1943-01-01","1956-03-02"
"COM","95742","0","TAFINEGOULT","Tafinegoult","Tafinegoult","1943-01-01","1956-03-02"
"COM","95743","0","IRHEM","Irhem","Irhem","1943-01-01","1956-03-02"
"COM","95744","0","ARGANA","Argana","Argana","1943-01-01","1956-03-02"
"COM","95750","0","CONFINS","Confins","Confins","1943-01-01","1956-03-02"
"COM","95761","0","TIZNIT","Tiznit","Tiznit","1943-01-01","1956-03-02"
"COM","95770","0","BOU IZAKARN","Bou-Izakarn","Bou-Izakarn","1943-01-01","1956-03-02"
"COM","95771","0","ANEZI","Anezi","Anezi","1943-01-01","1956-03-02"
"COM","95772","0","TAFRAOUTE","Tafraoute","Tafraoute","1943-01-01","1956-03-02"
"COM","95780","0","GOULIMINE","Goulimine","Goulimine","1943-01-01","1956-03-02"
"COM","95790","0","AKKA","Akka","Akka","1943-01-01","1956-03-02"
"COM","95791","0","TATA","Tata","Tata","1943-01-01","1956-03-02"
"COM","96111","0","BIZERTE","Bizerte","Bizerte","1943-01-01","1956-03-20"
"COM","96113","0","FERRYVILLE","Ferryville","Ferryville","1943-01-01","1956-03-20"
"COM","96114","0","LA GALITE","La Galite","La Galite","1943-01-01","1956-03-20"
"COM","96115","0","MATEUR","Mateur","Mateur","1943-01-01","1956-03-20"
"COM","96117","0","PORTO FARINA","Porto-Farina","Porto-Farina","1943-01-01","1956-03-20"
"COM","96118","0","SEDJENANE","Sedjenane","Sedjenane","1943-01-01","1956-03-20"
"COM","96119","0","ZANA UTIQUE","Zana-Utique","Zana-Utique","1943-01-01","1956-03-20"
"COM","96131","0","BEJA","Béja","Béja","1943-01-01","1956-03-20"
"COM","96133","0","DJEBEL ABIOD","Djebel-Abiod","Djebel-Abiod","1943-01-01","1956-03-20"
"COM","96141","0","TABARKA","Tabarka","Tabarka","1943-01-01","1956-03-20"
"COM","96142","0","AIN DRAHAM","Aïn-Draham","Aïn-Draham","1943-01-01","1956-03-20"
"COM","96144","0","BEN METIR","Ben-Métir","Ben-Métir","1950-01-01","1956-03-20"
"COM","96151","0","SOUK EL ARBA","Souk-El-Arba","Souk-El-Arba","1943-01-01","1956-03-20"
"COM","96153","0","GHARDIMAOU","Ghardimaou","Ghardimaou","1943-01-01","1956-03-20"
"COM","96155","0","SOUK EL KHEMIS","Souk-El-Khemis","Souk-El-Khemis","1943-01-01","1956-03-20"
"COM","96211","0","TUNIS","Tunis","Tunis","1943-01-01","1956-03-20"
"COM","96213","0","CARTHAGE","Carthage","Carthage","1943-01-01","1956-03-20"
"COM","96214","0","HAMMAM LIF","Hammam-Lif","Hammam-Lif","1943-01-01","1956-03-20"
"COM","96215","0","JARDINS MILIANE","Jardins-Miliane","Jardins-Miliane","1943-01-01","1956-03-20"
"COM","96216","0","LA GOULETTE","La Goulette","La Goulette","1943-01-01","1956-03-20"
"COM","96217","0","LA MARSA","La Marsa","La Marsa","1943-01-01","1956-03-20"
"COM","96218","0","LE BARDO","Le Bardo","Le Bardo","1943-01-01","1956-03-20"
"COM","96219","0","L ARIANA","L’Ariana","L’Ariana","1943-01-01","1956-03-20"
"COM","96221","0","FOCHVILLE BEN AROUS","Fochville-Ben-Arous","Fochville-Ben-Arous","1943-01-01","1956-03-20"
"COM","96222","0","MASSICAULT","Massicault","Massicault","1943-01-01","1956-03-20"
"COM","96223","0","MAXULA RADES","Maxula-Radès","Maxula-Radès","1943-01-01","1956-03-20"
"COM","96224","0","SAINT GERMAIN","Saint-Germain","Saint-Germain","1943-01-01","1956-03-20"
"COM","96225","0","SIDI BOU SAID","Sidi-Bou-Saïd","Sidi-Bou-Saïd","1943-01-01","1956-03-20"
"COM","96226","0","TEBOURBA","Tébourba","Tébourba","1943-01-01","1956-03-20"
"COM","96227","0","LA MANOUBA","La Manouba","La Manouba","1943-01-01","1956-03-20"
"COM","96228","0","OUED ELLIL","Oued-Ellil","Oued-Ellil","1943-01-01","1956-03-20"
"COM","96229","0","MEGRINE","Mégrine","Mégrine","1949-01-01","1956-03-20"
"COM","96231","0","ZAGHOUAN","Zaghouan","Zaghouan","1943-01-01","1956-03-20"
"COM","96233","0","PONT DU FAHS","Pont-du-Fahs","Pont-du-Fahs","1943-01-01","1956-03-20"
"COM","96241","0","GROMBALIA","Grombalia","Grombalia","1943-01-01","1956-03-20"
"COM","96242","0","HAMMAMET","Hammamet","Hammamet","1943-01-01","1956-03-20"
"COM","96243","0","KELIBIA","Kélibia","Kélibia","1943-01-01","1956-03-20"
"COM","96244","0","MENZEL TEMIME","Menzel-Temime","Menzel-Temime","1943-01-01","1956-03-20"
"COM","96245","0","MENZEL BOU ZELFA","Menzel-Bou-Zelfa","Menzel-Bou-Zelfa","1943-01-01","1956-03-20"
"COM","96246","0","NABEUL","Nabeul","Nabeul","1943-01-01","1956-03-20"
"COM","96248","0","SOLIMAN","Soliman","Soliman","1943-01-01","1956-03-20"
"COM","96252","0","EL OUDIANE","El-Oudiane","El-Oudiane","1943-01-01","1956-03-20"
"COM","96311","0","LE KEF","Le Kef","Le Kef","1943-01-01","1956-03-20"
"COM","96313","0","DJERISSA","Djérissa","Djérissa","1943-01-01","1956-03-20"
"COM","96314","0","EBBA KSOUR","Ebba-Ksour","Ebba-Ksour","1943-01-01","1956-03-20"
"COM","96315","0","KALLA DJERDA","Kalla-Djerda","Kalla-Djerda","1943-01-01","1956-03-20"
"COM","96316","0","KALLA ES SENAN","Kalla-Es-Senan","Kalla-Es-Senan","1943-01-01","1956-03-20"
"COM","96317","0","LE SERS","Le Sers","Le Sers","1943-01-01","1956-03-20"
"COM","96318","0","SAKIET SIDI YOUSSEF","Sakiet-Sidi-Youssef","Sakiet-Sidi-Youssef","1943-01-01","1956-03-20"
"COM","96319","0","TADJEROUINE","Tadjerouine","Tadjerouine","1943-01-01","1956-03-20"
"COM","96321","0","SIDI AMOR BEN SALEM","Sidi-Amor-Ben-Salem","Sidi-Amor-Ben-Salem","1943-01-01","1956-03-20"
"COM","96331","0","TEBOURSOUK","Téboursouk","Téboursouk","1943-01-01","1956-03-20"
"COM","96333","0","GAFOUR","Gafour","Gafour","1943-01-01","1956-03-20"
"COM","96334","0","LE KRIB","Le Krib","Le Krib","1943-01-01","1956-03-20"
"COM","96341","0","MAKTAR","Maktar","Maktar","1943-01-01","1956-03-20"
"COM","96343","0","SILIANA","Siliana","Siliana","1943-01-01","1956-03-20"
"COM","96351","0","MEDJEZ EL BAB","Medjez-el-Bab","Medjez-el-Bab","1943-01-01","1956-03-20"
"COM","96353","0","BOU ARADA","Bou-Arada","Bou-Arada","1943-01-01","1956-03-20"
"COM","96354","0","EL AROUSSA","El-Aroussa","El-Aroussa","1943-01-01","1956-03-20"
"COM","96411","0","SOUSSE","Sousse","Sousse","1943-01-01","1956-03-20"
"COM","96414","0","BOU FICHA","Bou-Ficha","Bou-Ficha","1943-01-01","1956-03-20"
"COM","96415","0","DJEMMAL","Djemmal","Djemmal","1943-01-01","1956-03-20"
"COM","96416","0","EL DJEM","El-Djem","El-Djem","1943-01-01","1956-03-20"
"COM","96417","0","ENFIDAVILLE","Enfidaville","Enfidaville","1943-01-01","1956-03-20"
"COM","96419","0","KSOUR ESSAF","Ksour-Essaf","Ksour-Essaf","1943-01-01","1956-03-20"
"COM","96422","0","MONASTIR","Monastir","Monastir","1943-01-01","1956-03-20"
"COM","96424","0","MOKNINE","Moknine","Moknine","1943-01-01","1956-03-20"
"COM","96425","0","M SAKEN","M’Saken","M’Saken","1943-01-01","1956-03-20"
"COM","96426","0","SIDI ALI NAR S ALLAH","Sidi-Ali-Nar’s-Allah","Sidi-Ali-Nar’s-Allah","1943-01-01","1956-03-20"
"COM","96427","0","SOUASSI","Souassi","Souassi","1943-01-01","1956-03-20"
"COM","96428","0","KALAA KEBIRA","Kalaa-Kébira","Kalaa-Kébira","1943-01-01","1956-03-20"
"COM","96429","0","KSAR ELLAL","Ksar-Ellal","Ksar-Ellal","1943-01-01","1956-03-20"
"COM","96441","0","MAHDIA","Mahdia","Mahdia","1943-01-01","1956-03-20"
"COM","96451","0","KAIROUAN","Kairouan","Kairouan","1943-01-01","1956-03-20"
"COM","96453","0","HADJEB EL AIOUN","Hadjeb-el-Aïoun","Hadjeb-el-Aïoun","1943-01-01","1956-03-20"
"COM","96454","0","PICHON","Pichon","Pichon","1943-01-01","1956-03-20"
"COM","96455","0","SBIKHA","Sbikha","Sbikha","1943-01-01","1956-03-20"
"COM","96456","0","ZLASS","Zlass","Zlass","1943-01-01","1956-03-20"
"COM","96457","0","SIDI AMOR BOU ADJELA","Sidi-Amor-Bou-Adjela","Sidi-Amor-Bou-Adjela","1943-01-01","1956-03-20"
"COM","96458","0","OUSSELTIA","Ousseltia","Ousseltia","1943-01-01","1956-03-20"
"COM","96461","0","THALA","Thala","Thala","1943-01-01","1956-03-20"
"COM","96462","0","FERIANA","Fériana","Fériana","1943-01-01","1956-03-20"
"COM","96463","0","KASSERINE","Kasserine","Kasserine","1943-01-01","1956-03-20"
"COM","96464","0","SBEITLA","Sbeitla","Sbeitla","1943-01-01","1956-03-20"
"COM","96467","0","FOUSSANA","Foussana","Foussana","1943-01-01","1956-03-20"
"COM","96511","0","SFAX","Sfax","Sfax","1943-01-01","1956-03-20"
"COM","96513","0","BOU THADI","Bou-Thadi","Bou-Thadi","1943-01-01","1956-03-20"
"COM","96514","0","DJEBENIANA","Djebeniana","Djebeniana","1943-01-01","1956-03-20"
"COM","96515","0","LA SKHIRA","La Skhira","La Skhira","1943-01-01","1956-03-20"
"COM","96516","0","MAHARES","Maharès","Maharès","1943-01-01","1956-03-20"
"COM","96521","0","GABES","Gabès","Gabès","1943-01-01","1956-03-20"
"COM","96523","0","EL HAMMA","El-Hamma","El-Hamma","1943-01-01","1956-03-20"
"COM","96531","0","GAFSA","Gafsa","Gafsa","1943-01-01","1956-03-20"
"COM","96533","0","AIN MOULARES","Aïn-Moularès","Aïn-Moularès","1943-01-01","1956-03-20"
"COM","96534","0","DJEBEL M DILLA","Djebel-M’Dilla","Djebel-M’Dilla","1943-01-01","1956-03-20"
"COM","96535","0","METLAOUI","Metlaoui","Metlaoui","1943-01-01","1956-03-20"
"COM","96536","0","MAKNASSY","Maknassy","Maknassy","1943-01-01","1956-03-20"
"COM","96537","0","PHILIPPE THOMAS","Philippe-Thomas","Philippe-Thomas","1943-01-01","1956-03-20"
"COM","96538","0","SIDI BOU ZID","Sidi-Bou-Zid","Sidi-Bou-Zid","1943-01-01","1956-03-20"
"COM","96542","0","DJEBEL TROZZA","Djebel-Trozza","Djebel-Trozza","1943-01-01","1956-03-20"
"COM","96543","0","REDEYEF","Redeyef","Redeyef","1943-01-01","1956-03-20"
"COM","96551","0","TOZEUR","Tozeur","Tozeur","1943-01-01","1956-03-20"
"COM","96553","0","NEFTA","Nefta","Nefta","1943-01-01","1956-03-20"
"COM","96561","0","DJERBA","Djerba","Djerba","1943-01-01","1956-03-20"
"COM","96800","0","EX TERRITOIRES MILITAIRES DU SUD","Ex-territoires militaires du Sud","Ex-territoires militaires du Sud","1943-01-01","1956-03-20"
"COM","96801","0","MEDENINE","Médenine","Médenine","1943-01-01","1956-03-20"
"COM","96803","0","BEN GARDANE","Ben-Gardane","Ben-Gardane","1943-01-01","1956-03-20"
"COM","96805","0","KEBILI","Kébili","Kébili","1943-01-01","1956-03-20"
"COM","96806","0","NEFZAOUA","Nefzaoua","Nefzaoua","1943-01-01","1956-03-20"
"COM","96807","0","MATMATA","Matmata","Matmata","1943-01-01","1956-03-20"
"COM","96809","0","TATAHOUINE","Tatahouine","Tatahouine","1943-01-01","1956-03-20"
"COM","96813","0","ZARZIS","Zarzis","Zarzis","1943-01-01","1956-03-20"
"COM","96815","0","DEHIBAT","Déhibat","Déhibat","1943-01-01","1956-03-20"
"COM","96816","0","MERAZIGUES","Mérazigues","Mérazigues","1943-01-01","1956-03-20"
"COM","97501","0","MIQUELON LANGLADE","Miquelon-Langlade","Miquelon-Langlade","1976-07-21",""
"COM","97502","0","SAINT PIERRE","Saint-Pierre","Saint-Pierre","1976-07-21",""
"COM","97601","1","ACOUA","Acoua","Acoua","2007-02-23","2011-03-31"
"COM","97602","0","BANDRABOUA","Bandraboua","Bandraboua","2007-02-23","2011-03-31"
"COM","97603","0","BANDRELE","Bandrele","Bandrele","2007-02-23","2011-03-31"
"COM","97604","0","BOUENI","Bouéni","Bouéni","2007-02-23","2011-03-31"
"COM","97605","0","CHICONI","Chiconi","Chiconi","2007-02-23","2011-03-31"
"COM","97606","0","CHIRONGUI","Chirongui","Chirongui","2007-02-23","2011-03-31"
"COM","97607","0","DEMBENI","Dembeni","Dembeni","2007-02-23","2011-03-31"
"COM","97608","0","DZAOUDZI","Dzaoudzi","Dzaoudzi","2007-02-23","2011-03-31"
"COM","97609","0","KANI KELI","Kani-Kéli","Kani-Kéli","2007-02-23","2011-03-31"
"COM","97610","0","KOUNGOU","Koungou","Koungou","2007-02-23","2011-03-31"
"COM","97611","0","MAMOUDZOU","Mamoudzou","Mamoudzou","2007-02-23","2011-03-31"
"COM","97612","0","MTSAMBORO","Mtsamboro","Mtsamboro","2007-02-23","2011-03-31"
"COM","97613","0","M TSANGAMOUJI","M'Tsangamouji","M'Tsangamouji","2007-02-23","2011-03-31"
"COM","97614","1","OUANGANI","Ouangani","Ouangani","2007-02-23","2011-03-31"
"COM","97615","0","PAMANDZI","Pamandzi","Pamandzi","2007-02-23","2011-03-31"
"COM","97616","0","SADA","Sada","Sada","2007-02-23","2011-03-31"
"COM","97617","0","TSINGONI","Tsingoni","Tsingoni","2007-02-23","2011-03-31"
"COM","97701","0","SAINT BARTHELEMY","Saint-Barthélemy","Saint-Barthélemy","2007-02-23",""
"COM","97801","0","SAINT MARTIN","Saint-Martin","Saint-Martin","2007-02-23",""
"CDM","98101","0","ILE DES FAISANS","Île des Faisans","Île des Faisans","1943-01-01",""
"DIS","98411","0","ILES SAINT PAUL ET AMSTERDAM","Îles Saint-Paul et Amsterdam","Îles Saint-Paul et Amsterdam","2007-02-23",""
"DIS","98412","0","ARCHIPEL DES KERGUELEN","Archipel des Kerguelen","Archipel des Kerguelen","2007-02-23",""
"DIS","98413","0","ARCHIPEL DES CROZET","Archipel des Crozet","Archipel des Crozet","2007-02-23",""
"DIS","98414","0","LA TERRE ADELIE","La Terre-Adélie","La Terre-Adélie","2007-02-23",""
"DIS","98415","0","ILES EPARSES DE L OCEAN INDIEN","Îles Éparses de l'océan Indien","Îles Éparses de l'océan Indien","2007-02-23",""
"COM","98501","0","ACOUA","Acoua","Acoua","1977-05-20","2007-02-23"
"COM","98502","0","BANDRABOUA","Bandraboua","Bandraboua","1977-05-20","2007-02-23"
"COM","98503","0","BANDRELE","Bandrele","Bandrele","1977-05-20","2007-02-23"
"COM","98504","0","BOUENI","Bouéni","Bouéni","1977-05-20","2007-02-23"
"COM","98505","0","CHICONI","Chiconi","Chiconi","1977-05-20","2007-02-23"
"COM","98506","0","CHIRONGUI","Chirongui","Chirongui","1977-05-20","2007-02-23"
"COM","98507","0","DEMBENI","Dembeni","Dembeni","1977-05-20","2007-02-23"
"COM","98508","0","DZAOUDZI","Dzaoudzi","Dzaoudzi","1977-05-20","2007-02-23"
"COM","98509","0","KANI KELI","Kani-Kéli","Kani-Kéli","1977-05-20","2007-02-23"
"COM","98510","0","KOUNGOU","Koungou","Koungou","1977-05-20","2007-02-23"
"COM","98511","0","MAMOUDZOU","Mamoudzou","Mamoudzou","1977-05-20","2007-02-23"
"COM","98512","0","MTSAMBORO","Mtsamboro","Mtsamboro","1977-05-20","2007-02-23"
"COM","98513","0","M TSANGAMOUJI","M'Tsangamouji","M'Tsangamouji","1977-05-20","2007-02-23"
"COM","98514","0","OUANGANI","Ouangani","Ouangani","1977-05-20","2007-02-23"
"COM","98515","0","PAMANDZI","Pamandzi","Pamandzi","1977-05-20","2007-02-23"
"COM","98516","0","SADA","Sada","Sada","1977-05-20","2007-02-23"
"COM","98517","0","TSINGONI","Tsingoni","Tsingoni","1977-05-20","2007-02-23"
"CIR","98611","0","ALO","Alo","Alo","1985-01-01",""
"CIR","98612","0","SIGAVE","Sigave","Sigave","1985-01-01",""
"CIR","98613","0","UVEA","Uvea","Uvea","1985-01-01",""
"COM","98711","0","ANAA","Anaa","Anaa","1972-05-21",""
"COM","98712","0","ARUE","Arue","Arue","1972-05-21",""
"COM","98713","0","ARUTUA","Arutua","Arutua","1972-05-21",""
"COM","98714","0","BORA BORA","Bora-Bora","Bora-Bora","1972-05-21",""
"COM","98715","0","FAAA","Faaa","Faaa","1972-05-21",""
"COM","98716","0","FAKARAVA","Fakarava","Fakarava","1972-05-21",""
"COM","98717","0","FANGATAU","Fangatau","Fangatau","1972-05-21",""
"COM","98718","0","FATU HIVA","Fatu-Hiva","Fatu-Hiva","1972-05-21",""
"COM","98719","0","GAMBIER","Gambier","Gambier","1972-05-21",""
"COM","98720","0","HAO","Hao","Hao","1972-05-21",""
"COM","98721","0","HIKUERU","Hikueru","Hikueru","1972-05-21",""
"COM","98722","0","HITIAA O TE RA","Hitiaa O Te Ra","Hitiaa O Te Ra","1972-05-21",""
"COM","98723","0","HIVA OA","Hiva-Oa","Hiva-Oa","1972-05-21",""
"COM","98724","0","HUAHINE","Huahine","Huahine","1972-05-21",""
"COM","98725","0","MAHINA","Mahina","Mahina","1972-05-21",""
"COM","98726","0","MAKEMO","Makemo","Makemo","1972-05-21",""
"COM","98727","0","MANIHI","Manihi","Manihi","1972-05-21",""
"COM","98728","0","MAUPITI","Maupiti","Maupiti","1972-05-21",""
"COM","98729","0","MOOREA MAIAO","Moorea-Maiao","Moorea-Maiao","1972-05-21",""
"COM","98730","0","NAPUKA","Napuka","Napuka","1972-05-21",""
"COM","98731","0","NUKU HIVA","Nuku-Hiva","Nuku-Hiva","1972-05-21",""
"COM","98732","0","NUKUTAVAKE","Nukutavake","Nukutavake","1972-05-21",""
"COM","98733","0","PAEA","Paea","Paea","1972-05-21",""
"COM","98734","0","PAPARA","Papara","Papara","1972-05-21",""
"COM","98735","0","PAPEETE","Papeete","Papeete","1972-05-21",""
"COM","98736","0","PIRAE","Pirae","Pirae","1972-05-21",""
"COM","98737","0","PUKAPUKA","Pukapuka","Pukapuka","1972-05-21",""
"COM","98738","0","PUNAAUIA","Punaauia","Punaauia","1972-05-21",""
"COM","98739","0","RAIVAVAE","Raivavae","Raivavae","1972-05-21",""
"COM","98740","0","RANGIROA","Rangiroa","Rangiroa","1972-05-21",""
"COM","98741","0","RAPA","Rapa","Rapa","1972-05-21",""
"COM","98742","0","REAO","Reao","Reao","1972-05-21",""
"COM","98743","0","RIMATARA","Rimatara","Rimatara","1972-05-21",""
"COM","98744","0","RURUTU","Rurutu","Rurutu","1972-05-21",""
"COM","98745","0","TAHAA","Tahaa","Tahaa","1972-05-21",""
"COM","98746","0","TAHUATA","Tahuata","Tahuata","1972-05-21",""
"COM","98747","0","TAIARAPU EST","Taiarapu-Est","Taiarapu-Est","1972-05-21",""
"COM","98748","0","TAIARAPU OUEST","Taiarapu-Ouest","Taiarapu-Ouest","1972-05-21",""
"COM","98749","0","TAKAROA","Takaroa","Takaroa","1972-05-21",""
"COM","98750","0","TAPUTAPUATEA","Taputapuatea","Taputapuatea","1972-05-21",""
"COM","98751","0","TATAKOTO","Tatakoto","Tatakoto","1972-05-21",""
"COM","98752","0","TEVA I UTA","Teva I Uta","Teva I Uta","1972-05-21",""
"COM","98753","0","TUBUAI","Tubuai","Tubuai","1972-05-21",""
"COM","98754","0","TUMARAA","Tumaraa","Tumaraa","1972-05-21",""
"COM","98755","0","TUREIA","Tureia","Tureia","1972-05-21",""
"COM","98756","0","UA HUKA","Ua-Huka","Ua-Huka","1972-05-21",""
"COM","98757","0","UA POU","Ua-Pou","Ua-Pou","1972-05-21",""
"COM","98758","0","UTUROA","Uturoa","Uturoa","1972-05-21",""
"COM","98799","0","CLIPPERTON","Clipperton","Clipperton","1972-05-21","2007-02-23"
"COM","98801","0","BELEP","Belep","Belep","1969-03-30",""
"COM","98802","0","BOULOUPARI","Bouloupari","Bouloupari","1969-03-30",""
"COM","98803","0","BOURAIL","Bourail","Bourail","1969-03-30",""
"COM","98804","0","CANALA","Canala","Canala","1969-03-30",""
"COM","98805","0","DUMBEA","Dumbéa","Dumbéa","1969-03-30",""
"COM","98806","0","FARINO","Farino","Farino","1969-03-30",""
"COM","98807","0","HIENGHENE","Hienghène","Hienghène","1969-03-30",""
"COM","98808","0","HOUAILOU","Houaïlou","Houaïlou","1969-03-30",""
"COM","98809","0","ILE DES PINS","Île-des-Pins","Île-des-Pins","1969-03-30",""
"COM","98810","0","KAALA GOMEN","Kaala-Gomen","Kaala-Gomen","1969-03-30",""
"COM","98811","0","KONE","Koné","Koné","1969-03-30",""
"COM","98812","0","KOUMAC","Koumac","Koumac","1969-03-30",""
"COM","98813","0","LA FOA","La Foa","La Foa","1969-03-30",""
"COM","98814","0","LIFOU","Lifou","Lifou","1969-03-30",""
"COM","98815","0","MARE","Maré","Maré","1969-03-30",""
"COM","98816","0","MOINDOU","Moindou","Moindou","1969-03-30",""
"COM","98817","0","MONT DORE","Mont-Dore","Mont-Dore","1969-03-30",""
"COM","98818","0","NOUMEA","Nouméa","Nouméa","1969-03-30",""
"COM","98819","0","OUEGOA","Ouégoa","Ouégoa","1969-03-30",""
"COM","98820","0","OUVEA","Ouvéa","Ouvéa","1969-03-30",""
"COM","98821","0","PAITA","Païta","Païta","1969-03-30",""
"COM","98822","0","POINDIMIE","Poindimié","Poindimié","1969-03-30",""
"COM","98823","0","PONERIHOUEN","Ponérihouen","Ponérihouen","1969-03-30",""
"COM","98824","0","POUEBO","Pouébo","Pouébo","1969-03-30",""
"COM","98825","0","POUEMBOUT","Pouembout","Pouembout","1969-03-30",""
"COM","98826","0","POUM","Poum","Poum","1969-03-30",""
"COM","98827","0","POYA","Poya","Poya","1969-03-30",""
"COM","98828","0","SARRAMEA","Sarraméa","Sarraméa","1969-03-30",""
"COM","98829","0","THIO","Thio","Thio","1969-03-30",""
"COM","98830","0","TOUHO","Touho","Touho","1969-03-30",""
"COM","98831","0","VOH","Voh","Voh","1969-03-30",""
"COM","98832","0","YATE","Yaté","Yaté","1969-03-30",""
"COM","98833","0","KOUAOUA","Kouaoua","Kouaoua","1995-04-25",""
"CPT","98901","0","CLIPPERTON","Clipperton","Clipperton","2007-02-23","2022-02-21"
"CPT","98901","0","LA PASSION CLIPPERTON","La Passion-Clipperton","La Passion-Clipperton","2022-02-21",""
